<?xml version="1.0" encoding="UTF-8"?>
<beans xmlns="http://www.springframework.org/schema/beans"
  xmlns:xsi="http://www.w3.org/2001/XMLSchema-instance"
    xmlns:context="http://www.springframework.org/schema/context"
  xmlns:content="http://www.springframework.org/schema/content"
  xmlns:p= "http://www.springframework.org/schema/p"
  xmlns:c= "http://www.springframework.org/schema/c"
  xmlns:tx= "http://www.springframework.org/schema/tx"
  xmlns:mvc="http://www.springframework.org/schema/mvc"
  xsi:schemaLocation="http://www.springframework.org/schema/beans
  https://www.springframework.org/schema/beans/spring-beans.xsd
  http://www.springframework.org/schema/tx
  https://www.springframework.org/schema/tx/spring-tx.xsd
  http://www.springframework.org/schema/p
  https://www.springframework.org/schema/p/spring-p.xsd
  http://www.springframework.org/schema/mvc 
  http://www.springframework.org/schema/mvc/spring-mvc.xsd
  http://www.springframework.org/schema/c
  https://www.springframework.org/schema/c/spring-c.xsd
   http://www.springframework.org/schema/content
  	https://www.springframework.org/schema/content/spring-content.xsd
  http://www.springframework.org/schema/context
  	https://www.springframework.org/schema/context/spring-context.xsd">
  	
  	
  	<context:annotation-config/>
  	<context:component-scan base-package="com"></context:component-scan>
  	<tx:annotation-driven/>
  	
  	<bean id="DatabaseProperties"
    class="org.springframework.beans.factory.config.PropertyPlaceholderConfigurer">
 
    <property name="location" value="classpath:Database.properties" />
 
</bean>
  	
  	<context:property-placeholder location="classpath:Admin.properties" ignore-unresolvable="false"/>   
  	<context:property-placeholder location="classpath:Database.properties" ignore-unresolvable="false"/>   
  	
  	<bean class="org.springframework.web.servlet.view.InternalResourceViewResolver" id="viewResolver">
  	<property name="prefix" value="/views/"/>
  	<property name="suffix" value=".jsp"/>
  	</bean>
  	
  	<bean class="org.springframework.jdbc.datasource.DriverManagerDataSource" name="DriverManagerDataSource">
  	<property name="driverClassName" value="${Database.driverClassName}" />
  	<property name="url" value="${Database.url}"/>
  	<property name="username" value="${Database.username}"></property>
  	<property name="password" value="${Database.password}"/>
  	</bean>
  	
  	
  	
  	<bean class="org.springframework.orm.hibernate5.LocalSessionFactoryBean" name="sessionFactory">
  		<property name="hibernateProperties">
  	<props>
  	<prop key="hibernate.dialect">org.hibernate.dialect.MySQL57Dialect</prop>
  	<prop key="hibernate.hbm2ddl.auto">update</prop>
  	<prop key="hibernate.show_sql">true</prop>
  	</props>
  	</property>
  	
  	<property name="annotatedClasses">
  	<list>
  	<value>com.itt.modal.EmployeeEntity</value>
  	<value>com.itt.modal.LeaveBalanceEntity</value>
  	<value>com.itt.modal.ExecutiveEntity</value>
  	<value>com.itt.modal.LeadsEntity</value>
  	<value>com.itt.modal.ManagerEntity</value>
  	<value>com.itt.modal.LeaveRecordsEntity</value>
  	<value>com.itt.modal.AddressEntity</value>
  	
  	</list>
  	</property>
  	
  	<property name="dataSource" ref="DriverManagerDataSource"></property>
  	</bean>
  
  	
  	<bean class="org.springframework.orm.hibernate5.HibernateTemplate" id="hibernateTemplate">
  	<property name="sessionFactory" ref="sessionFactory"></property>
  	</bean>
  	
  	<bean class="org.springframework.orm.hibernate5.HibernateTransactionManager" name="transactionManager">
  	<property name="sessionFactory" ref="sessionFactory"></property>
  	
  	</bean>
  	
    <mvc:resources mapping="/Resources/**" location="/Resources/"  
	cache-period="31556926"/>
	
	<mvc:interceptors>
	<mvc:interceptor>
	<mvc:mapping path="/applyLeave"/>
	<bean class="com.itt.interceptors.ApplyLeaveInterceptor"></bean>
	</mvc:interceptor>
	
	</mvc:interceptors>

    <mvc:annotation-driven />
	    
	<context:property-placeholder location="classpath:Admin.properties"/>    
    
  	
  	</beans>